number,mountain,elevation,date,url,
15,Middle Tripyramid,4140,2019-10-05,/4000footers/tripyramids/, 
14,North Tripyramid,4180,2019-10-05,/4000footers/tripyramids/, 
13,Moosilauke,4802,2018-07-21,, 
12,Hale,4054,2017-07-16,, 
11,Zealand,4260,2017-07-16,, 
10,North Twin,4761,2017-07-15,, 
9,Flume,4328,2017-06-11,, 
8,Liberty,4459,2017-06-11,, 
7,Garfield,4500,2017-06-10,, 
6,South Twin,4902,2017-06-09,, 
5,West Bond,4540,2017-06-09,, 
4,Bond,4698,2017-06-09,, 
3,Bondcliff,4265,2017-06-09,, 
2,Lincoln,5089,2016-09-24,, 
1,Lafayette,5260,2016-09-24,, 
,Washington,6288,,, 
,Adams,5774,,, 
,Jefferson,5712,,, 
,Monroe,5384,,, 
,Madison,5367,,, 
,Carter Dome,4832,,, 
,Eisenhower,4780,,, 
,Carrigain,4700,,, 
,Middle Carter,4610,,, 
,South Carter,4430,,, 
,Wildcat A peak,4422,,, 
,Hancock,4420,,, 
,South Kinsman,4358,,, 
,Field,4340,,, 
,Osceola,4340,,, 
,South Hancock,4319,,, 
,Pierce,4310,,, 
,North Kinsman,4293,,, 
,Willey,4285,,, 
,Cabot,4170,,, 
,East Osceola,4156,,, 
,Cannon,4100,,, 
,Jackson,4052,,, 
,Tom,4051,,, 
,Wildcat D peak,4050,,, 
,Moriah,4049,,, 
,Passaconaway,4043,,, 
,Owl's Head,4025,,, 
,Galehead,4024,,, 
,Whiteface,4020,,, 
,Waumbek,4006,,, 
,Isolation,4004,,, 
,Tecumseh,4003,,,
